186	R186-F1	material	test-results\eco-vt-186-the-videos-unit-invariant-no-loader-can-read\r8-round-1.yaml
186	R186-F2	minor	test-results\eco-vt-186-the-videos-unit-invariant-no-loader-can-read\r8-round-1.yaml
186	R186-F3	minor	test-results\eco-vt-186-the-videos-unit-invariant-no-loader-can-read\r8-round-1.yaml
186	R186-F4	minor	test-results\eco-vt-186-the-videos-unit-invariant-no-loader-can-read\r8-round-1.yaml
186	R186-F5	minor	test-results\eco-vt-186-the-videos-unit-invariant-no-loader-can-read\r8-round-1.yaml
186	R186-F6	minor	test-results\eco-vt-186-the-videos-unit-invariant-no-loader-can-read\r8-round-1.yaml
186	R186-F7	minor	test-results\eco-vt-186-the-videos-unit-invariant-no-loader-can-read\r8-round-1.yaml
186	R186b-F1	minor	test-results\eco-vt-186-the-videos-unit-invariant-no-loader-can-read\r8-round-2.yaml
187	I187a-F1	blocking	ECO-VT-187-independent-review.md
187	I187a-F2	blocking_if_ruled	ECO-VT-187-independent-review.md
187	I187a-F3	material	ECO-VT-187-independent-review.md
187	I187a-F4	minor	ECO-VT-187-independent-review.md
187	I187a-F5	minor	ECO-VT-187-independent-review.md
187	I187a-F6	minor	ECO-VT-187-independent-review.md
187	I187b-F1	material	ECO-VT-187-independent-review.md
187	I187b-F2	blocking_if_ruled	ECO-VT-187-independent-review.md
187	R187a-F1	blocking	ECO-VT-187-independent-review.md
187	R187a-F2	blocking_if_ruled	ECO-VT-187-independent-review.md
187	R187a-F3	material	ECO-VT-187-independent-review.md
187	R187a-F4	material	ECO-VT-187-independent-review.md
187	R187a-F5	material	ECO-VT-187-independent-review.md
187	R187a-F6	material	ECO-VT-187-independent-review.md
187	R187a-F7	minor	ECO-VT-187-independent-review.md
187	R187a-F8	minor	ECO-VT-187-independent-review.md
187	R187a-F9	minor	ECO-VT-187-independent-review.md
187	R187b-F1	blocking_if_ruled	ECO-VT-187-independent-review.md
187	R187b-F2	blocking_if_ruled	ECO-VT-187-independent-review.md
187	R187b-F3	material	ECO-VT-187-independent-review.md
187	R187b-F4	material	ECO-VT-187-independent-review.md
187	R187b-F5	minor	ECO-VT-187-independent-review.md
189	R189-F1	material	test-results\eco-vt-189-invariants-appended-to-the-catalog-unit-by-later-ecos\r8-round-1.yaml
189	R189-F2	material	test-results\eco-vt-189-invariants-appended-to-the-catalog-unit-by-later-ecos\r8-round-1.yaml
189	R189-F3	material	test-results\eco-vt-189-invariants-appended-to-the-catalog-unit-by-later-ecos\r8-round-1.yaml
189	R189-F4	minor	test-results\eco-vt-189-invariants-appended-to-the-catalog-unit-by-later-ecos\r8-round-1.yaml
189	R189-F5	minor	test-results\eco-vt-189-invariants-appended-to-the-catalog-unit-by-later-ecos\r8-round-1.yaml
189	R189-F6	minor	test-results\eco-vt-189-invariants-appended-to-the-catalog-unit-by-later-ecos\r8-round-1.yaml
191	I191a-F1 / R191a-F1	blocking_if_ruled	ECO-VT-191-independent-review.md
191	I191a-F2	material	ECO-VT-191-independent-review.md
191	I191a-F3	minor	ECO-VT-191-independent-review.md
191	I191a-F4	minor	ECO-VT-191-independent-review.md
191	I191a-F5	minor	ECO-VT-191-independent-review.md
191	I191b-F1	material	ECO-VT-191-independent-review.md
191	I191b-F2	minor	ECO-VT-191-independent-review.md
191	I191b-F3	minor	ECO-VT-191-independent-review.md
191	I191b-F4	minor	ECO-VT-191-independent-review.md
191	I191b-F5	minor	ECO-VT-191-independent-review.md
191	R191a-F2	material	ECO-VT-191-independent-review.md
191	R191a-F3	material	ECO-VT-191-independent-review.md
191	R191a-F4	minor	ECO-VT-191-independent-review.md
191	R191a-F5	minor	ECO-VT-191-independent-review.md
191	R191b-F1	material	ECO-VT-191-independent-review.md
191	R191b-F2	material	ECO-VT-191-independent-review.md
191	R191b-F3	minor	ECO-VT-191-independent-review.md
191	R191b-F4	minor	ECO-VT-191-independent-review.md
191	R191b-F5	minor	ECO-VT-191-independent-review.md
192	I192a-F1	blocking	ECO-VT-192-independent-review.md
192	I192a-F2	blocking_if_ruled	ECO-VT-192-independent-review.md
192	I192a-F3	material	ECO-VT-192-independent-review.md
192	I192a-F4	material	ECO-VT-192-independent-review.md
192	I192a-F5	minor	ECO-VT-192-independent-review.md
192	I192a-F6	minor	ECO-VT-192-independent-review.md
192	I192a-F7	minor	ECO-VT-192-independent-review.md
192	I192b-F1	blocking	ECO-VT-192-independent-review.md
192	I192b-F2	material	ECO-VT-192-independent-review.md
192	I192b-F3	minor	ECO-VT-192-independent-review.md
192	I192b-F4	minor	ECO-VT-192-independent-review.md
192	R192a-F1	blocking	ECO-VT-192-independent-review.md
192	R192a-F10	minor	ECO-VT-192-independent-review.md
192	R192a-F11	minor	ECO-VT-192-independent-review.md
192	R192a-F12	minor	ECO-VT-192-independent-review.md
192	R192a-F2	blocking	ECO-VT-192-independent-review.md
192	R192a-F3	blocking_if_ruled	ECO-VT-192-independent-review.md
192	R192a-F4	material	ECO-VT-192-independent-review.md
192	R192a-F5	material	ECO-VT-192-independent-review.md
192	R192a-F6	material	ECO-VT-192-independent-review.md
192	R192a-F7	material	ECO-VT-192-independent-review.md
192	R192a-F8	material	ECO-VT-192-independent-review.md
192	R192a-F9	material	ECO-VT-192-independent-review.md
192	R192b-F1	material	ECO-VT-192-independent-review.md
192	R192b-F10	minor	ECO-VT-192-independent-review.md
192	R192b-F11	minor	ECO-VT-192-independent-review.md
192	R192b-F2	blocking_if_ruled	ECO-VT-192-independent-review.md
192	R192b-F3	material	ECO-VT-192-independent-review.md
192	R192b-F4	minor	ECO-VT-192-independent-review.md
192	R192b-F5	minor	ECO-VT-192-independent-review.md
192	R192b-F6	minor	ECO-VT-192-independent-review.md
192	R192b-F7	minor	ECO-VT-192-independent-review.md
192	R192b-F8	minor	ECO-VT-192-independent-review.md
192	R192b-F9	minor	ECO-VT-192-independent-review.md
193	R193a-F1	blocking	ECO-VT-193-independent-review.md
193	R193a-F2	material	ECO-VT-193-independent-review.md
193	R193a-F3	blocking_if_ruled	ECO-VT-193-independent-review.md
193	R193a-F4	minor	ECO-VT-193-independent-review.md
193	R193a-F5	minor	ECO-VT-193-independent-review.md
193	R193a-F6	minor	ECO-VT-193-independent-review.md
193	R193a-F7	minor	ECO-VT-193-independent-review.md
193	R193b-F1	blocking	ECO-VT-193-independent-review.md
193	R193b-F2	material	ECO-VT-193-independent-review.md
193	R193b-F3	minor	ECO-VT-193-independent-review.md
193	R193b-F4	minor	ECO-VT-193-independent-review.md
194	R194a-F1	material	ECO-VT-194-independent-review.md
194	R194a-F2	blocking_if_ruled	ECO-VT-194-independent-review.md
194	R194a-F3	material	ECO-VT-194-independent-review.md
194	R194a-F4	material	ECO-VT-194-independent-review.md
194	R194a-F5	minor	ECO-VT-194-independent-review.md
194	R194a-F6	minor	ECO-VT-194-independent-review.md
194	R194a-F7	minor	ECO-VT-194-independent-review.md
195	R195a-F1	material	ECO-VT-195-independent-review.md
195	R195a-F2	material	ECO-VT-195-independent-review.md
195	R195a-F3	blocking	ECO-VT-195-independent-review.md
195	R195a-F4	minor	ECO-VT-195-independent-review.md
195	R195a-F5	minor	ECO-VT-195-independent-review.md
195	R195a-F6	minor	ECO-VT-195-independent-review.md
195	R195a-F7	minor	ECO-VT-195-independent-review.md
195	R195a-F8	minor	ECO-VT-195-independent-review.md
195	R195b-F1	material	ECO-VT-195-independent-review.md
195	R195b-F2	minor	ECO-VT-195-independent-review.md
195	R195b-F3	minor	ECO-VT-195-independent-review.md
195	R195b-F4	minor	ECO-VT-195-independent-review.md
195	R195b-F5	minor	ECO-VT-195-independent-review.md
196	R196a-F1	blocking	ECO-VT-196-independent-review.md
196	R196a-F2	blocking_if_ruled	ECO-VT-196-independent-review.md
196	R196a-F3	blocking_if_ruled	ECO-VT-196-independent-review.md
196	R196a-F4	material	ECO-VT-196-independent-review.md
196	R196a-F5	material	ECO-VT-196-independent-review.md
196	R196a-F6	minor	ECO-VT-196-independent-review.md
196	R196a-F7	minor	ECO-VT-196-independent-review.md
196	R196b-F1	blocking	ECO-VT-196-independent-review.md
196	R196b-F2	blocking_if_ruled	ECO-VT-196-independent-review.md
196	R196b-F3	material	ECO-VT-196-independent-review.md
196	R196c-F1	blocking	ECO-VT-196-independent-review.md
196	R196c-F2	blocking_if_ruled	ECO-VT-196-independent-review.md
196	R196c-F3	material	ECO-VT-196-independent-review.md
197	R197a-F1	blocking	ECO-VT-197-independent-review.md
197	R197a-F2	material	ECO-VT-197-independent-review.md
197	R197a-F3	blocking_if_ruled	ECO-VT-197-independent-review.md
197	R197a-F4	blocking_if_ruled	ECO-VT-197-independent-review.md
197	R197a-F5	material	ECO-VT-197-independent-review.md
197	R197a-F6	material	ECO-VT-197-independent-review.md
197	R197a-F7	minor	ECO-VT-197-independent-review.md
197	R197a-F8	minor	ECO-VT-197-independent-review.md
197	R197a-F9	minor	ECO-VT-197-independent-review.md
197	R197b-F1	material	ECO-VT-197-independent-review.md
197	R197b-F2	material	ECO-VT-197-independent-review.md
197	R197b-F3	minor	ECO-VT-197-independent-review.md
197	R197b-F4	minor	ECO-VT-197-independent-review.md
197	R197b-F5	minor	ECO-VT-197-independent-review.md
198	R198a-F1	blocking	ECO-VT-198-independent-review.md
198	R198a-F2	blocking	ECO-VT-198-independent-review.md
198	R198a-F3	material	ECO-VT-198-independent-review.md
198	R198a-F4	material	ECO-VT-198-independent-review.md
198	R198a-F5	minor	ECO-VT-198-independent-review.md
198	R198a-F6	minor	ECO-VT-198-independent-review.md
198	R198a-F7	minor	ECO-VT-198-independent-review.md
198	R198a-F8	minor	ECO-VT-198-independent-review.md
198	R198b-F1	material	ECO-VT-198-independent-review.md
198	R198b-F2	material	ECO-VT-198-independent-review.md
198	R198b-F3	minor	ECO-VT-198-independent-review.md
198	R198b-F4	minor	ECO-VT-198-independent-review.md
199	R199a-F1	blocking_if_ruled	ECO-VT-199-independent-review.md
199	R199a-F2	material	ECO-VT-199-independent-review.md
199	R199a-F3	material	ECO-VT-199-independent-review.md
199	R199a-F4	minor	ECO-VT-199-independent-review.md
199	R199a-F5	minor	ECO-VT-199-independent-review.md
199	R199a-F6	minor	ECO-VT-199-independent-review.md
199	R199a-F7	minor	ECO-VT-199-independent-review.md
199	R199b-F1	material	ECO-VT-199-independent-review.md
199	R199b-F2	material	ECO-VT-199-independent-review.md
199	R199b-F3	minor	ECO-VT-199-independent-review.md
200	R200a-F1	blocking	ECO-VT-200-independent-review.md
200	R200a-F2	material	ECO-VT-200-independent-review.md
200	R200a-F3	minor	ECO-VT-200-independent-review.md
200	R200a-F4	minor	ECO-VT-200-independent-review.md
200	R200a-F5	minor	ECO-VT-200-independent-review.md
200	R200b-F1	blocking	ECO-VT-200-independent-review.md
200	R200b-F2	minor	ECO-VT-200-independent-review.md
201	R201a-F1	blocking	ECO-VT-201-independent-review.md
201	R201a-F2	minor	ECO-VT-201-independent-review.md
201	R201a-F3	minor	ECO-VT-201-independent-review.md
201	R201b-F1	material	ECO-VT-201-independent-review.md
201	R201b-F2	minor	ECO-VT-201-independent-review.md
201	R201b-F3	minor	ECO-VT-201-independent-review.md
201	R201b-F4	minor	ECO-VT-201-independent-review.md
202	R202a-F1	blocking	ECO-VT-202-independent-review.md
202	R202a-F2	material	ECO-VT-202-independent-review.md
202	R202a-F3	material	ECO-VT-202-independent-review.md
202	R202a-F4	minor	ECO-VT-202-independent-review.md
202	R202a-F5	minor	ECO-VT-202-independent-review.md
202	R202a-F6	minor	ECO-VT-202-independent-review.md
202	R202b-F1	material	ECO-VT-202-independent-review.md
202	R202b-F2	material	ECO-VT-202-independent-review.md
202	R202b-F3	minor	ECO-VT-202-independent-review.md
202	R202b-F4	minor	ECO-VT-202-independent-review.md
203	R203a-F1	material	ECO-VT-203-independent-review.md
203	R203a-F2	minor	ECO-VT-203-independent-review.md
203	R203a-F3	minor	ECO-VT-203-independent-review.md
203	R203a-F4	minor	ECO-VT-203-independent-review.md
203	R203a-F5	minor	ECO-VT-203-independent-review.md
204	R204a-F1	material	ECO-VT-204-independent-review.md
204	R204a-F2	material	ECO-VT-204-independent-review.md
204	R204a-F3	minor	ECO-VT-204-independent-review.md
204	R204a-F4	minor	ECO-VT-204-independent-review.md
204	R204a-F5	minor	ECO-VT-204-independent-review.md
204	R204a-F6	minor	ECO-VT-204-independent-review.md
204	R204a-F7	minor	ECO-VT-204-independent-review.md
205	R205a-F1	material	ECO-VT-205-independent-review.md
205	R205a-F2	minor	ECO-VT-205-independent-review.md
205	R205a-F3	minor	ECO-VT-205-independent-review.md
205	R205a-F4	minor	ECO-VT-205-independent-review.md
205	R205a-F5	minor	ECO-VT-205-independent-review.md
206	R206a-F1	material	ECO-VT-206-independent-review.md
206	R206a-F2	material	ECO-VT-206-independent-review.md
206	R206a-F3	minor	ECO-VT-206-independent-review.md
206	R206a-F4	minor	ECO-VT-206-independent-review.md
206	R206b-F1	material	ECO-VT-206-independent-review.md
206	R206b-F2	material	ECO-VT-206-independent-review.md
206	R206b-F3	minor	ECO-VT-206-independent-review.md
206	R206b-F4	minor	ECO-VT-206-independent-review.md
207	R207a-F1	minor	ECO-VT-207-independent-review.md
207	R207a-F2	minor	ECO-VT-207-independent-review.md
207	R207a-F3	minor	ECO-VT-207-independent-review.md
208	R208a-F1	material	ECO-VT-208-independent-review.md
208	R208a-F2	material	ECO-VT-208-independent-review.md
208	R208a-F3	minor	ECO-VT-208-independent-review.md
208	R208a-F4	minor	ECO-VT-208-independent-review.md
208	R208a-F5	minor	ECO-VT-208-independent-review.md
208	R208a-F6	minor	ECO-VT-208-independent-review.md
209	R209a-F1	minor	ECO-VT-209-independent-review.md
209	R209a-F2	minor	ECO-VT-209-independent-review.md
209	R209a-F3	minor	ECO-VT-209-independent-review.md
209	R209a-F4	minor	ECO-VT-209-independent-review.md
210	R210a-F1	blocking	ECO-VT-210-independent-review.md
210	R210a-F2	material	ECO-VT-210-independent-review.md
210	R210a-F3	minor	ECO-VT-210-independent-review.md
210	R210a-F4	minor	ECO-VT-210-independent-review.md
210	R210a-F5	minor	ECO-VT-210-independent-review.md
210	R210a-F6	minor	ECO-VT-210-independent-review.md
210	R210a-F7	minor	ECO-VT-210-independent-review.md
210	R210b-F1	minor	ECO-VT-210-independent-review.md
210	R210b-F2	minor	ECO-VT-210-independent-review.md
210	R210b-F3	minor	ECO-VT-210-independent-review.md
211	R211a-F1	blocking	ECO-VT-211-independent-review.md
211	R211a-F2	material	ECO-VT-211-independent-review.md
211	R211a-F3	minor	ECO-VT-211-independent-review.md
211	R211a-F4	minor	ECO-VT-211-independent-review.md
211	R211a-F5	minor	ECO-VT-211-independent-review.md
211	R211b-F1	material	ECO-VT-211-independent-review.md
211	R211b-F2	minor	ECO-VT-211-independent-review.md
211	R211b-F3	minor	ECO-VT-211-independent-review.md
